Nome;Data;P - Total (W);P - Fase A (W);P - Fase B (W);P - Fase C (W);Q - Total (var);Q - Fase A (var);Q - Fase B (var);Q - Fase C (var);FP - Total;FP - Fase A;FP - Fase B;FP - Fase C;V - Fase A (V);V - Fase B (V);V - Fase C (V);I - Fase A (A);I - Fase B (A);I - Fase C (A)
MedidorLSD;15/06/2023, 0:00:00;18925,85731111111;5832,906955555555;7017,488477777778;6085,391044444445;2075,6183333333333;315,4664;416,8766;1364,3260888888888;0,8929888888888889;0,8760444444444444;0,9254555555555557;0,8787888888888888;126,80268888888888;126,10707777777777;125,92179999999999;52,44458888888889;59,96338888888889;55,04161111111111
MedidorLSD;15/06/2023, 0:15:00;18279,087363737486;5821,999332591769;6716,688109010011;5740,576251390434;2157,6426696329254;318,5311568409344;637,1357842046718;1222,6685428253616;0,8927030033370411;0,8763292547274749;0,9230812013348165;0,870055617352614;127,14261401557286;126,44060066740823;126,31244716351502;52,22710789766407;57,65530589543938;52,21142380422692
MedidorLSD;15/06/2023, 0:30:00;18855,557877777777;5815,072066666667;6999,364122222222;6050,554911111111;2090,1285444444443;314,8610111111111;428,0962111111111;1368,4633333333334;0,8922444444444444;0,8747777777777778;0,9252444444444444;0,8781888888888889;127,25556666666667;126,55801111111111;126,32647777777778;52,18531111111111;59,68707777777778;54,59687777777778
MedidorLSD;15/06/2023, 0:45:00;18573,054322222222;5798,242044444444;6931,593944444444;5848,696688888888;2373,570366666667;334,8776888888889;625,8880888888889;1437,0149666666666;0,8917333333333334;0,8739666666666666;0,9248000000000001;0,8703;127,7212;126,96404444444444;126,77107777777778;51,869;59,00802222222222;53,07408888888889
MedidorLSD;15/06/2023, 1:00:00;18719,98712222222;5806,567077777778;6914,063355555555;6006,412011111111;2051,4013666666665;326,3362;433,7145;1311,2557;0,8919444444444444;0,8739888888888889;0,9231222222222223;0,8779999999999999;127,53418888888889;126,81828888888889;126,57957777777777;51,95576666666667;58,90328888888889;54,03017777777778
MedidorLSD;15/06/2023, 1:15:00;18174,4241;5803,773522222222;6598,1413555555555;5772,071166666667;1967,405688888889;342,50469999999996;538,6563222222222;1103,2419555555555;0,8923;0,8742555555555555;0,9210111111111112;0,8757222222222222;127,2004888888889;126,41178888888889;126,25112222222222;51,998799999999996;56,712833333333336;52,144466666666666
MedidorLSD;15/06/2023, 1:30:00;18601,109055555557;5820,023455555556;6783,2378;6001,346877777778;1877,2629666666667;335,6762777777778;386,4495;1171,409111111111;0,8931444444444445;0,8754000000000001;0,9220222222222223;0,8809333333333332;126,70585555555556;125,93932222222222;125,73905555555557;52,27527777777778;58,21866666666667;54,055188888888885
MedidorLSD;15/06/2023, 1:45:00;18628,387066666666;5825,0745;6876,094055555556;5932,808011111111;2122,5217222222223;326,0787;511,4642777777778;1305,6570222222224;0,8963666666666666;0,8782777777777777;0,9278333333333334;0,8797222222222222;125,89481111111111;125,13556666666666;124,93547777777779;52,53313333333333;59,25923333333333;54,04268888888889
MedidorLSD;15/06/2023, 2:00:00;18626,94781111111;5848,127577777778;6804,5488444444445;5979,026311111111;1873,8048666666666;308,7965222222222;418,44874444444446;1163,9094333333333;0,8971888888888889;0,8793;0,9258777777777779;0,8842444444444444;125,90521111111111;125,19357777777778;124,96836666666667;52,65517777777778;58,67143333333333;54,15171111111111
MedidorLSD;15/06/2023, 2:15:00;18385,526844444445;5850,994433333333;6679,399333333334;5855,694733333333;1881,3206777777777;314,26917777777777;491,958;1091,7548333333334;0,8956333333333333;0,8796666666666667;0,9237333333333333;0,8832222222222222;126,16596666666666;125,42752222222222;125,22857777777777;52,543622222222226;57,62198888888889;53,03332222222222
MedidorLSD;15/06/2023, 2:30:00;18532,674;5853,999388888889;6744,573844444444;5937,229477777778;1854,6383777777778;312,6441444444444;437,6227333333333;1120,9371444444446;0,8981666666666667;0,8799333333333333;0,9244;0,8857777777777777;126,32513333333333;125,57505555555556;125,37204444444444;52,489866666666664;58,03254444444445;53,57774444444445
MedidorLSD;15/06/2023, 2:45:00;18597,726833333334;5797,377044444444;6865,196922222222;5941,658444444444;2114,638266666667;335,61698888888884;484,81541111111113;1314,3803666666668;0,8943111111111111;0,8759444444444444;0,9267444444444445;0,8800888888888888;126,36063333333333;125,5941111111111;125,35886666666666;52,15943333333333;58,9514;53,89903333333333
MedidorLSD;15/06/2023, 3:00:00;18385,743110102158;5785,027377979569;6686,285505107832;5918,353688989784;1896,7754143019295;348,1361748013621;421,2162315550511;1143,18819523269;0,8939046538024972;0,8755164585698071;0,9233598183881953;0,8832122587968219;126,46646992054484;125,72489216799093;125,50265607264471;52,05870601589103;57,57063564131669;53,43525539160045
MedidorLSD;15/06/2023, 3:15:00;18352,81292222222;5828,987455555555;6655,287633333333;5869,883288888889;1890,222288888889;340,1326222222222;470,8793888888889;1094,8774777777778;0,8953;0,8789888888888889;0,923477777777778;0,883711111111111;126,44352222222221;125,68314444444445;125,46337777777777;52,31066666666666;57,3624;53,02017777777778
MedidorLSD;15/06/2023, 3:30:00;18473,014055555555;5838,293988888889;6706,775288888889;5930,727144444444;1871,1392444444446;337,31781111111115;435,5458666666667;1113,7574444444444;0,8966444444444445;0,8802;0,923188888888889;0,8854777777777777;126,51434444444445;125,75185555555555;125,52443333333333;52,332366666666665;57,70814444444444;53,4354
MedidorLSD;15/06/2023, 3:45:00;18442,3804;5839,686644444444;6728,885622222223;5875,784544444445;1975,0119444444445;330,56194444444446;501,2244333333333;1160,9965888888887;0,8958777777777778;0,8825222222222222;0,925;0,8839222222222222;126,32241111111111;125,5582;125,32837777777779;52,3587;57,96253333333333;53,11051111111111
MedidorLSD;15/06/2023, 4:00:00;18816,988411111113;5881,564944444444;6935,863188888889;6005,042477777778;2056,1912777777775;312,4967222222222;476,6427111111111;1287,379288888889;0,8975333333333333;0,8835222222222222;0,9275;0,8828444444444444;126,36281111111111;125,57074444444444;125,3215111111111;52,67724444444444;59,52428888888889;54,28035555555555
MedidorLSD;15/06/2023, 4:15:00;18487,492755555555;5880,4338;6725,583144444445;5882,429855555556;1876,036022222222;303,65222222222224;488,54743333333334;1100,9455444444445;0,8977;0,8846444444444446;0,924188888888889;0,8846222222222222;126,40795555555556;125,65233333333335;125,4142111111111;52,59336666666667;57,88738888888889;53,04247777777778
MedidorLSD;15/06/2023, 4:30:00;18439,949577777777;5863,530255555556;6707,453055555556;5869,709977777778;1874,865722222222;305,4334777777778;488,6714777777778;1098,7062555555556;0,8973555555555556;0,8844333333333333;0,9236666666666667;0,8844111111111111;126,56927777777778;125,83976666666666;125,59803333333333;52,390788888888885;57,646;52,86688888888889
MedidorLSD;15/06/2023, 4:45:00;18763,774766666666;5867,651277777778;6916,810211111111;5983,652533333334;2036,6434777777777;306,44525555555555;478,74620000000004;1271,628522222222;0,8982111111111111;0,8845111111111111;0,928988888888889;0,8840111111111111;126,53349999999999;125,81951111111111;125,56696666666667;52,40494444444444;59,2006;53,96051111111111
MedidorLSD;15/06/2023, 5:00:00;18505,960255555558;5823,2643333333335;6771,644655555555;5915,353999999999;1959,3743666666667;323,04544444444446;465,13575555555553;1187,783688888889;0,8967444444444445;0,882888888888889;0,9266666666666666;0,8832777777777777;126,20947777777778;125,5092111111111;125,2500111111111;52,222277777777784;58,247411111111106;53,438700000000004
MedidorLSD;15/06/2023, 5:15:00;18463,40351111111;5810,822622222223;6731,548622222222;5924,489155555556;1861,491488888889;320,8594444444444;421,56718888888895;1135,4824888888888;0,8972555555555555;0,8821222222222221;0,9259666666666667;0,8853666666666666;126,47172222222223;125,80486666666667;125,53387777777779;52,0512;57,819811111111115;53,30961111111111
MedidorLSD;15/06/2023, 5:30:00;18199,9741;5803,719011111111;6534,329088888889;5861,453155555555;1662,9611666666667;329,6190111111111;388,0437333333333;957,6228222222222;0,8952444444444445;0,8820444444444445;0,9205333333333333;0,8872;127,31093333333332;126,63377777777777;126,36678888888889;51,667233333333336;56,01293333333333;52,2674
MedidorLSD;15/06/2023, 5:45:00;18481,744355555555;5816,3649000000005;6666,736444444444;6002,927222222223;1670,3819666666666;337,1074555555556;314,39764444444444;1031,5532777777778;0,8983555555555556;0,8803555555555554;0,9222;0,8868444444444444;127,4428;126,73684444444444;126,47025555555555;51,7658;56,88783333333333;53,355133333333335
MedidorLSD;15/06/2023, 6:00:00;18483,11922222222;5834,398611111111;6696,283911111111;5955,925544444444;1792,2461333333333;332,7437222222222;391,65034444444444;1082,5221333333334;0,8949777777777778;0,8826111111111111;0,9246888888888889;0,8852333333333334;127,05815555555556;126,31984444444444;126,06786666666667;52,010444444444445;57,28302222222222;53,28937777777778
MedidorLSD;15/06/2023, 6:15:00;18581,663411111113;5888,514366666666;6656,273844444444;6039,205033333334;1530,4632888888889;313,2361111111111;290,43426666666664;938,2208333333333;0,9005666666666666;0,8840888888888889;0,9236555555555557;0,8900111111111111;126,79032222222223;126,04663333333333;125,82207777777778;52,45434444444445;57,05197777777778;53,78953333333334
MedidorLSD;15/06/2023, 6:30:00;18306,80981111111;5879,182366666667;6539,096600000001;5887,287888888888;1578,1316222222222;307,7613777777778;393,3928;888,4388222222221;0,8965666666666666;0,8851888888888888;0,9231555555555556;0,8894111111111112;126,75966666666666;126,06771111111111;125,8686;52,34596666666667;56,14143333333333;52,6208
MedidorLSD;15/06/2023, 6:45:00;19508,167166666666;6100,4245;6990,9656444444445;6424,408177777778;1801,0174;428,9315555555556;282,75014444444446;1100,0227777777777;0,9051777777777779;0,8894333333333333;0,9310888888888889;0,8993444444444445;126,7792;126,06576666666668;125,83244444444445;53,97624444444445;59,546644444444446;56,71836666666667
MedidorLSD;15/06/2023, 7:00:00;20300,686400000002;6651,6304666666665;6808,017833333333;6836,643266666667;1903,8792555555556;790,0340111111111;408,85332222222223;697,8652333333333;0,9144666666666666;0,9017444444444445;0,9248111111111111;0,918;127,10227777777779;126,53608888888888;126,29958888888889;57,90597777777778;58,041533333333334;58,98585555555555
MedidorLSD;15/06/2023, 7:15:00;20014,463177777776;6305,305755555555;7060,212188888889;6655,836988888889;1534,0344666666667;428,3232777777778;184,40932222222224;928,0287777777778;0,9135888888888889;0,8959;0,9303888888888889;0,9086777777777778;126,9024;126,2103;125,97512222222223;55,32322222222222;59,976533333333336;58,087633333333336
MedidorLSD;15/06/2023, 7:30:00;21225,366277777775;6791,294788888888;7486,60521111111;6948,164244444445;1732,3634888888887;409,9633333333333;374,85763333333335;957,2136666666668;0,9209444444444445;0,9099;0,9406111111111111;0,9134444444444445;126,66606666666665;125,96650000000001;125,77508888888889;58,79487777777778;63,17583333333334;60,40943333333333
MedidorLSD;15/06/2023, 7:45:00;20363,90582222222;6367,3289444444445;7489,452633333333;6513,1022;1617,1333444444444;129,24457777777778;337,64616666666666;1172,7961333333333;0,9148000000000001;0,9022111111111111;0,9390111111111111;0,9005000000000001;126,48296666666667;125,66969999999999;125,4790111111111;55,68873333333333;63,349500000000006;57,63048888888889
MedidorLSD;15/06/2023, 8:00:00;21846,023866666666;6721,034466666666;7915,0618;7223,191444444445;2368,5197111111115;538,0685777777777;382,05351111111116;1463,7656666666667;0,9217333333333334;0,9093777777777778;0,9444888888888888;0,9083;126,50288888888889;125,75410000000001;125,4934;58,35142222222222;66,50283333333334;63,24621111111111
MedidorLSD;15/06/2023, 8:15:00;23016,305755555557;6840,069833333333;8245,528244444444;7958,5393;3387,5027333333333;1108,7366333333332;362,68600000000004;1921,8307444444445;0,9225333333333333;0,9014666666666667;0,947;0,9132666666666668;126,22768888888889;125,56917777777777;125,17322222222222;59,91068888888889;69,21085555555555;69,46078888888889
MedidorLSD;15/06/2023, 8:30:00;23130,277777777777;6721,7383;8390,075455555556;8052,9958;3553,884066666667;1147,711811111111;288,71718888888887;2124,9848444444447;0,9211444444444445;0,8975111111111111;0,9493333333333334;0,9103333333333334;127,4696111111111;126,8035;126,3720111111111;58,575922222222225;69,5218;69,9518
MedidorLSD;15/06/2023, 8:45:00;25233,9147;7624,474844444445;8897,231066666667;8736,15061111111;3963,441122222222;1372,692188888889;568,9745444444445;2023,2355;0,9311333333333335;0,9162222222222223;0,9552555555555555;0,9238888888888889;127,15841111111112;126,52650000000001;126,15572222222221;65,41084444444445;73,56408888888888;74,8792
MedidorLSD;15/06/2023, 9:00:00;26218,122744444445;7965,963955555556;9190,1089;9085,303744444445;3960,3186333333333;1397,7430444444444;574,3744222222222;1988,2340000000002;0,9362999999999999;0,9201777777777779;0,9570666666666667;0,9263888888888889;126,88306666666666;126,29436666666666;125,92956666666667;68,07274444444444;75,92947777777778;77,59686666666666
MedidorLSD;15/06/2023, 9:15:00;26796,507133333333;8355,294588888888;8860,263822222221;9597,878622222222;4155,872633333333;1937,4895555555556;580,2794333333334;1613,5018444444443;0,9381444444444443;0,9185444444444445;0,9528444444444444;0,9405444444444444;126,5904;126,14125555555556;125,76238888888888;71,857;73,5557888888889;80,91133333333333
MedidorLSD;15/06/2023, 9:30:00;27170,452388888887;8677,277055555554;9434,690122222222;9061,776533333334;4199,789455555555;1306,0802888888888;1090,0838666666666;1808,8712444444445;0,9411666666666666;0,9364444444444444;0,9564888888888888;0,9316777777777777;126,38735555555554;125,67274444444445;125,50397777777778;73,28858888888888;78,38703333333333;77,36805555555556
MedidorLSD;15/06/2023, 9:45:00;24980,14141111111;7686,887377777777;8618,475022222221;8693,352811111112;3735,8579555555557;1424,8155333333334;556,2071666666667;1749,0499;0,9318;0,9152555555555556;0,9503333333333333;0,9289444444444446;126,42675555555556;125,75307777777778;125,47764444444445;66,32087777777778;71,95394444444445;74,47253333333333
MedidorLSD;15/06/2023, 10:00:00;26788,86948888889;7814,3596;9386,801944444445;9628,946966666666;3965,3918222222223;1605,2694555555556;158,36962222222223;2193,8857444444443;0,9359333333333334;0,9142777777777779;0,9594333333333334;0,9332222222222222;126,48048888888889;125,82614444444444;125,39207777777777;67,4601;77,66268888888888;82,14735555555555
MedidorLSD;15/06/2023, 10:15:00;27957,90871111111;8619,535633333333;9746,907022222222;9612,086933333334;3808,167166666667;1326,2536333333333;610,1714999999999;1873,1735444444444;0,9474444444444444;0,9368444444444444;0,9623777777777778;0,9398555555555556;125,97017777777778;125,32688888888889;125,05335555555556;72,88792222222223;80,65855555555555;81,73568888888889
MedidorLSD;15/06/2023, 10:30:00;27134,80891111111;8143,866433333334;9484,491533333332;9534,814266666666;3873,2898444444445;1462,254788888889;388,54466666666667;2018,9307666666666;0,9407777777777778;0,9252222222222223;0,9600888888888888;0,9349888888888889;126,10262222222222;125,41702222222223;125,08928888888889;69,71252222222223;78,60446666666667;81,3695888888889
MedidorLSD;15/06/2023, 10:45:00;25922,573255555555;7877,618322222223;9001,749666666667;9067,293822222222;3809,9086555555555;1447,1430333333333;482,4605;1875,0726777777777;0,9362222222222223;0,9195666666666666;0,9568666666666666;0,9317888888888889;126,42171111111111;125,80274444444444;125,47476666666668;67,58215555555556;74,69944444444444;77,5051
MedidorLSD;15/06/2023, 11:00:00;27911,886477777774;8507,914077777777;10180,129277777778;9244,148966666668;3245,6656222222223;680,6212777777778;566,7826;2021,7883666666667;0,945;0,9407555555555555;0,9648888888888889;0,9282666666666667;126,77572222222221;125,91362222222222;125,73124444444444;71,2961;83,67616666666667;79,0842111111111
MedidorLSD;15/06/2023, 11:15:00;25651,524655555557;8081,251211111111;9209,802322222222;8364,715355555556;2344,8230666666664;433,85411111111114;534,2798111111111;1395,6956222222223;0,941011111111111;0,9359;0,9580222222222221;0,9281555555555556;126,8619;125,99141111111112;125,90615555555557;68,01696666666668;76,16304444444445;71,46306666666666
MedidorLSD;15/06/2023, 11:30:00;26172,844388888887;8201,118644444445;9446,285955555555;8533,677277777777;2419,3072444444447;416,6647;534,0614888888889;1489,7176555555554;0,9414333333333333;0,9372888888888888;0,9597222222222223;0,9265111111111112;126,91456666666667;126,05387777777779;125,98222222222222;68,90195555555556;77,92041111111111;72,87797777777779
MedidorLSD;15/06/2023, 11:45:00;27131,234388888886;8384,061511111111;9853,698466666665;8907,71411111111;2632,8731000000002;469,0420888888889;485,9372333333333;1701,2893444444444;0,9438444444444445;0,9381444444444443;0,9604444444444444;0,9296888888888889;127,01842222222223;126,11552222222222;126,00285555555557;70,29144444444445;81,13455555555556;75,96742222222221
MedidorLSD;15/06/2023, 12:00:00;25310,53252222222;8009,963911111111;9198,52558888889;8104,097711111111;2330,4685333333337;275,11726666666664;642,2779333333333;1439,4018333333333;0,9376777777777777;0,9327111111111112;0,9571444444444444;0,9207666666666667;127,30372222222223;126,45183333333333;126,4426;67,27063333333334;75,90908888888887;69,4668
MedidorLSD;15/06/2023, 12:15:00;22898,90732222222;7258,273011111111;8220,618377777777;7423,0346;2081,5521444444444;361,7650111111111;508,22461111111113;1229,1137444444446;0,928088888888889;0,9218111111111111;0,9487666666666666;0,9136666666666667;127,35483333333335;126,5568;126,58863333333333;61,74894444444445;68,43314444444445;63,99568888888889
MedidorLSD;15/06/2023, 12:30:00;22294,47638888889;7108,571322222222;7984,7490777777775;7202,541355555555;2138,5655;391,5387111111111;565,7448;1197,5539333333334;0,9232444444444444;0,9158333333333334;0,9420444444444445;0,9088333333333334;127,76393333333334;126,92157777777777;126,98193333333334;60,57981111111111;66,66275555555556;62,19564444444445
MedidorLSD;15/06/2023, 12:45:00;21811,315455555556;7090,6765444444445;7678,914688888889;7036,673544444444;1934,7740222222221;400,53527777777776;584,9412111111111;961,5496;0,9235888888888889;0,9151222222222223;0,9380555555555555;0,9094111111111112;127,81701111111111;126,98786666666666;127,11332222222222;60,43988888888889;64,30286666666667;60,67913333333333
MedidorLSD;15/06/2023, 13:00:00;23597,55108888889;7925,618733333333;8021,919355555556;7633,5775;2589,9189;746,915;956,0759555555555;890,7707777777778;0,9313444444444445;0,9279555555555555;0,9418444444444444;0,9229222222222222;127,27698888888888;126,5374888888889;126,67833333333333;66,97057777777778;67,3428888888889;65,21755555555556
MedidorLSD;15/06/2023, 13:15:00;26496,9566;8859,896088888889;9294,321322222222;8322,895333333334;3119,514988888889;581,0338222222222;1296,2774555555554;1262,7746555555555;0,9412666666666667;0,9417444444444444;0,9523666666666667;0,9257;126,90414444444444;126,08944444444444;126,27722222222222;73,9509;77,35766666666666;71,03693333333334
MedidorLSD;15/06/2023, 13:30:00;26521,520955555556;8786,977944444445;9408,21181111111;8311,42448888889;2972,203922222222;457,4323222222222;1208,9724111111111;1329,9034333333334;0,9413666666666667;0,9437777777777777;0,9532333333333333;0,9261111111111111;126,5367;125,71238888888888;125,88704444444444;73,55301111111112;78,32495555555556;71,08027777777778
MedidorLSD;15/06/2023, 13:45:00;25214,584944444443;8688,004477777778;8566,452166666666;7930,9857;2793,020244444444;667,1890888888889;1318,8553666666667;816,2951777777778;0,9386111111111111;0,9421111111111111;0,9415666666666667;0,9285;126,3407888888889;125,68885555555556;125,85589999999999;72,93637777777778;72,23648888888889;67,68804444444444
MedidorLSD;15/06/2023, 14:00:00;28304,736966666667;9169,007933333334;9714,302022222222;9417,894133333333;2638,973377777778;818,5429;685,9658666666667;1138,1503111111113;0,9516555555555556;0,9458555555555556;0,9603999999999999;0,9437000000000001;125,91;125,30228888888888;125,2303888888889;76,88164444444443;80,54383333333332;79,47006666666667
MedidorLSD;15/06/2023, 14:15:00;31564,25146666667;10315,3163;10474,052844444444;10770,305733333333;3823,609788888889;1530,3819888888888;972,0248555555555;1308,929211111111;0,9573666666666666;0,9499222222222221;0,9626444444444444;0,9562777777777778;125,34014444444445;124,82304444444445;124,69647777777777;86,3591888888889;86,98302222222222;90,25187777777778
MedidorLSD;15/06/2023, 14:30:00;29799,216177777776;9548,573222222223;9422,734788888889;10836,806144444443;3804,6013777777775;2179,129322222222;477,0714;1105,7096666666666;0,9511777777777777;0,9323111111111112;0,958911111111111;0,9600555555555556;125,10427777777778;124,85132222222222;124,50643333333332;81,72428888888889;78,54339999999999;90,53155555555554
MedidorLSD;15/06/2023, 14:45:00;30354,85427777778;9340,089655555556;9780,444933333332;11261,87388888889;4744,7981666666665;2538,3501111111113;407,44138888888887;1755,7772666666667;0,9471222222222222;0,9215777777777778;0,959911111111111;0,9563888888888888;125,46566666666668;125,14563333333334;124,66588888888889;80,60261111111112;81,25166666666667;94,26413333333333
MedidorLSD;15/06/2023, 15:00:00;29177,98211111111;9192,683433333334;9266,49038888889;10736,939066666668;4730,4047222222225;2524,1444777777774;629,9371444444444;1532,3918222222223;0,9432777777777777;0,9204;0,9569666666666666;0,9533888888888888;125,7267;125,44876666666667;125,05926666666666;79,35823333333333;77,14087777777779;89,88554444444445
MedidorLSD;15/06/2023, 15:15:00;29121,916988888886;9174,20768888889;9486,601944444445;10477,849855555556;4445,232155555555;2157,9496777777777;673,4137555555556;1582,4575555555557;0,9454111111111111;0,927188888888889;0,9583888888888888;0,9496777777777777;125,4009111111111;125,0016111111111;124,7007111111111;78,79938888888888;79,07019999999999;88,2958111111111
MedidorLSD;15/06/2023, 15:30:00;29421,37721111111;9444,693311111112;9413,492477777778;10568,900188888889;4493,5652;2261,3131444444443;798,7769333333333;1396,8173888888887;0,9466333333333333;0,9280888888888889;0,9557222222222223;0,9533222222222222;125,51412222222221;125,11934444444445;124,84432222222222;80,95894444444444;78,54618888888889;88,53422222222223
MedidorLSD;15/06/2023, 15:45:00;26878,478955555554;8785,054600000001;8428,029877777777;9665,968377777777;3793,214455555555;2074,1390555555554;704,7299111111112;974,5079222222222;0,9405333333333333;0,9244444444444444;0,9490777777777777;0,9511666666666666;125,68778888888889;125,38244444444445;125,15914444444444;75,6155888888889;70,80882222222222;80,99168888888889
MedidorLSD;15/06/2023, 16:00:00;27090,350777777778;8778,063855555556;8657,114211111111;9656,613033333333;3871,4370666666664;1960,3483444444444;722,0152777777778;1156,7675111111112;0,9415333333333333;0,9248777777777778;0,9497;0,9488666666666666;125,68654444444445;125,32098888888889;125,10945555555556;75,33067777777778;72,61556666666667;81,19852222222222
MedidorLSD;15/06/2023, 16:15:00;28087,274244444445;9262,186522222222;8945,0816;9875,8402;4228,188722222222;2029,1448111111113;1007,8814;1159,2200444444445;0,9440000000000001;0,9294222222222223;0,9524444444444443;0,9487444444444445;125,62437777777778;125,21648888888889;125,0743;79,07192222222221;74,98815555555555;82,89744444444445
MedidorLSD;15/06/2023, 16:30:00;26664,062777777777;8613,609277777778;8185,8862222222215;9872,283233333334;3825,395877777778;2341,8930888888885;486,25202222222225;945,6786444444444;0,9366333333333333;0,9143777777777778;0,9446444444444444;0,9528;125,99205555555557;125,75167777777777;125,4332111111111;74,7146;68,79437777777778;82,41863333333333
MedidorLSD;15/06/2023, 16:45:00;25899,582588888887;8160,8591;8409,060844444444;9345,552944444446;3857,319455555555;1926,9455777777778;521,8026111111111;1378,5267888888886;0,9351777777777778;0,9148111111111111;0,9506333333333332;0,9437444444444445;126,78244444444444;126,39835555555555;126,10607777777778;70,28983333333333;70,07678888888888;78,45565555555555
MedidorLSD;15/06/2023, 17:00:00;26598,381722222224;8093,107433333333;9154,235722222222;9375,87998888889;4685,260033333334;1799,3426555555557;727,6496888888888;2149,9441555555554;0,9311555555555556;0,9109666666666667;0,9529555555555556;0,9291111111111111;127,11983333333335;126,54860000000001;126,29422222222223;69,60551111111111;75,74661111111111;79,80852222222222
MedidorLSD;15/06/2023, 17:15:00;26283,99201111111;8079,4014777777775;9147,560466666666;9075,620266666667;4542,497633333333;1571,9034555555554;850,7674555555556;2119,9747444444442;0,9313222222222223;0,9171888888888889;0,9535555555555555;0,9254;126,95987777777778;126,30522222222221;126,20243333333333;69,18888888888888;75,91377777777777;77,57506666666666
MedidorLSD;15/06/2023, 17:30:00;24815,0151;7712,0380444444445;8148,169566666667;8973,189933333333;4515,772466666666;2070,4683;689,3880444444444;1730,6135555555554;0,9233888888888889;0,8977888888888889;0,9416555555555556;0,9319666666666666;127,39857777777777;126,97396666666667;126,82238888888888;67,23545555555555;68,00982222222221;75,79353333333333
MedidorLSD;15/06/2023, 17:45:00;23659,66012222222;7472,732022222222;8085,204477777778;8109,738955555556;4005,519577777778;1447,5751777777778;875,252611111111;1678,653688888889;0,9197555555555555;0,9020888888888888;0,9377888888888889;0,9143666666666668;127,7258;127,13391111111112;127,10456666666667;64,7033;67,66236666666667;69,52598888888889
MedidorLSD;15/06/2023, 18:00:00;22723,58421111111;6926,872266666666;7842,118122222223;7974,603888888889;4364,229322222222;1631,2912777777776;746,2861777777779;1980,792711111111;0,9118444444444446;0,8858777777777778;0,9372222222222222;0,9075;128,20917777777777;127,61942222222221;127,57657777777777;60,86183333333334;65,47686666666667;68,6946
MedidorLSD;15/06/2023, 18:15:00;20988,784966666666;6181,302088888889;7245,1817;7591,636711111111;3819,1303777777775;1585,7708777777777;339,6983666666667;1882,986688888889;0,9015000000000001;0,8627111111111111;0,9311666666666666;0,9029111111111111;128,19196666666667;127,60095555555556;127,47255555555556;55,6746;60,87693333333334;65,78163333333333
MedidorLSD;15/06/2023, 18:30:00;20355,494455555556;5791,863044444444;7433,690388888888;7166,643444444444;3984,8431333333333;1298,3870222222222;404,45058888888894;2289,4914333333336;0,8922888888888888;0,8553666666666666;0,9341333333333334;0,8846777777777777;128,2266888888889;127,43719999999999;127,33955555555556;52,609966666666665;62,30188888888888;63,6513
MedidorLSD;15/06/2023, 18:45:00;20292,290666666668;6095,188211111111;7258,698077777777;6958,291188888889;3789,323888888889;1208,207588888889;644,7283777777778;1942,6504888888887;0,8978333333333333;0,8699;0,9317888888888889;0,8897111111111111;128,31814444444444;127,5580111111111;127,56360000000001;54,432433333333336;61,12561111111111;61,36048888888889
MedidorLSD;15/06/2023, 19:00:00;20609,0546;6239,074511111112;7106,198333333334;7285,081366666667;3870,210688888889;1508,6771666666666;566,6001888888889;1787,3086444444446;0,8982555555555556;0,8700888888888889;0,9273666666666667;0,9003666666666668;128,2445222222222;127,63977777777778;127,49964444444444;55,777911111111116;60,00318888888889;63,32187777777778
MedidorLSD;15/06/2023, 19:15:00;20266,224622222224;6127,808377777777;7268,142922222222;6888,883866666666;3898,293377777778;1201,8338555555556;739,2582777777778;1965,0051888888888;0,8956555555555555;0,8723444444444445;0,9309111111111111;0,8859888888888888;128,29198888888888;127,54136666666666;127,5325;54,6623;61,295211111111115;60,93793333333333
MedidorLSD;15/06/2023, 19:30:00;19498,41058888889;5760,835033333334;6944,883122222222;6818,329911111111;3726,208577777778;1291,5914222222223;505,0511222222222;1931,3898777777779;0,8884333333333334;0,8554666666666666;0,9258777777777779;0,8840666666666667;128,44094444444445;127,70351111111111;127,6658;52,336666666666666;58,73098888888889;60,329388888888886
MedidorLSD;15/06/2023, 19:45:00;20054,056599999996;5902,790977777778;7224,145877777778;6953,746822222221;3825,2513999999996;1239,9952888888888;551,3101222222223;2039,8448333333333;0,8933;0,8625333333333333;0,9300555555555555;0,8851444444444444;128,60414444444444;127,94752222222223;127,90884444444445;53,138511111111114;60,756099999999996;61,42585555555555
MedidorLSD;15/06/2023, 20:00:00;19389,186500000003;5616,919277777777;6979,147866666667;6823,433633333334;3817,623522222222;1309,8809555555556;448,92853333333335;2061,480688888889;0,8862555555555556;0,8499777777777778;0,9263000000000001;0,8806666666666667;128,69844444444445;128,06745555555557;127,95664444444444;51,33433333333333;58,834900000000005;60,482144444444444
MedidorLSD;15/06/2023, 20:15:00;19419,166477777777;5610,167966666667;6980,270244444444;6859,808255555556;3757,1606555555554;1310,637888888889;404,62622222222217;2044,0803777777778;0,8870444444444445;0,8492888888888889;0,9257333333333333;0,8847666666666666;128,79693333333333;128,17128888888888;128,06193333333334;51,26515555555555;58,795788888888886;60,66276666666666
MedidorLSD;15/06/2023, 20:30:00;21039,133077777777;6431,356566666667;7239,7056;7386,637377777777;3902,8832666666667;1493,8187555555555;641,1483777777778;1761,2116444444443;0,9012555555555556;0,8727555555555556;0,9271222222222223;0,9026111111111111;128,35845555555557;127,80962222222223;127,73891111111112;57,19792222222222;61,04833333333333;63,99548888888889
MedidorLSD;15/06/2023, 20:45:00;19204,709733333337;5494,966711111111;6921,645299999999;6821,804322222222;3716,3384333333333;1344,0025666666668;404,0062111111111;1967,8260555555555;0,8840111111111111;0,840488888888889;0,9264333333333334;0,8840333333333333;128,33622222222223;127,64656666666667;127,52531111111111;50,81353333333333;58,57704444444444;60,50471111111111
MedidorLSD;15/06/2023, 21:00:00;19086,20947777778;5552,276955555555;7106,212133333333;6455,004055555556;2930,7598333333335;788,1407;443,0257333333334;1712,6620222222223;0,8885333333333334;0,8522000000000001;0,9281333333333334;0,8771666666666668;128,18164444444443;127,40421111111111;127,39101111111111;50,69806666666667;60,05508888888889;57,71415555555555
MedidorLSD;15/06/2023, 21:15:00;18220,347055555554;5464,923077777778;6818,086855555555;5953,5697222222225;2243,897722222222;438,57534444444445;458,1951666666667;1363,8697333333334;0,8850555555555555;0,8545444444444444;0,9241222222222223;0,8694888888888889;128,2164111111111;127,40895555555555;127,50253333333333;49,72477777777778;57,9189;53,648900000000005
MedidorLSD;15/06/2023, 21:30:00;18360,628011111112;5486,237033333334;6861,015733333334;6031,034;2206,7834000000003;444,8181444444444;413,7515222222222;1364,9956777777777;0,8858222222222222;0,8542777777777778;0,9232333333333335;0,8718444444444444;128,3826222222222;127,55195555555555;127,63626666666667;49,85355555555555;58,15634444444444;54,16116666666667
MedidorLSD;15/06/2023, 21:45:00;18278,329588888886;5539,9663222222225;6843,251322222222;5908,731233333334;2288,218533333333;416,18176666666665;541,7621333333333;1348,866488888889;0,885311111111111;0,8574666666666667;0,9243555555555556;0,8663444444444445;128,66276666666667;127,82876666666667;127,8923;50,06991111111111;57,96125555555555;53,19632222222222
MedidorLSD;15/06/2023, 22:00:00;18669,07326666667;5560,334622222223;7067,380411111111;6061,794844444445;2356,6362777777777;399,91173333333336;487,1880222222222;1491,0065111111112;0,8848222222222223;0,8572555555555555;0,9260777777777778;0,8673777777777778;128,90835555555557;128,10264444444445;128,10240000000002;50,13531111111111;59,506077777777776;54,42903333333333
MedidorLSD;15/06/2023, 22:15:00;19055,548011111114;5899,208966666667;6870,778722222221;6295,529311111111;2329,853577777778;629,8582888888889;545,5967222222222;1162,7623777777778;0,892688888888889;0,8684222222222223;0,9223555555555556;0,8797111111111111;128,79422222222223;128,08457777777778;128,10756666666666;52,53688888888889;58,15148888888889;55,484766666666665
MedidorLSD;15/06/2023, 22:30:00;18642,779755555555;5563,928077777778;6926,8759666666665;6171,051322222223;2215,244911111111;498,13486666666665;374,68031111111117;1356,9082555555556;0,8871777777777778;0,8570222222222221;0,9204666666666668;0,8739777777777779;128,83306666666667;128,03642222222223;127,98926666666667;50,27516666666667;58,58687777777778;54,96046666666666
MedidorLSD;15/06/2023, 22:45:00;18018,41192222222;5483,7488;6744,647822222222;5801,921588888888;2308,8950444444445;423,7807;573,5261666666667;1330,2603444444444;0,8823777777777778;0,8540555555555556;0,9205333333333333;0,8624555555555556;128,98136666666667;128,1534777777778;128,1746;49,60414444444445;57,17132222222222;52,24986666666666
MedidorLSD;15/06/2023, 23:00:00;18604,358977777778;5506,597699999999;7043,089744444445;6075,101622222222;2322,093733333333;414,1488444444445;431,91645555555556;1495,2837222222224;0,8860444444444445;0,8562333333333334;0,9258000000000001;0,8686555555555556;129,08372222222224;128,27007777777777;128,21308888888888;49,69242222222222;59,2552;54,37224444444444
MedidorLSD;15/06/2023, 23:15:00;18003,493055555555;5484,60608888889;6739,602755555556;5791,152811111111;2321,0014111111113;425,3453222222222;585,3635;1329,0861;0,8828;0,8548777777777777;0,9216777777777778;0,8616666666666667;129,4213111111111;128,61905555555555;128,6339111111111;49,425133333333335;56,930344444444444;51,98208888888889
MedidorLSD;15/06/2023, 23:30:00;18585,784277777777;5529,664822222222;6993,963744444444;6081,3703;2173,191477777778;399,1662333333333;392,80719999999997;1399,9915999999998;0,8905777777777778;0,8593555555555555;0,9245111111111112;0,8742;128,96884444444444;128,19766666666666;128,10802222222222;49,82642222222222;58,88485555555556;54,25063333333333
MedidorLSD;15/06/2023, 23:45:00;18142,161244444447;5589,310877777778;6799,490477777777;5761,975944444444;2308,8145777777777;372,4183555555556;661,6447222222222;1296,6851555555554;0,8842777777777778;0,8622888888888889;0,9238888888888889;0,8662777777777777;128,95794444444445;128,18988888888887;128,18602222222222;50,2072;57,5272;51,86511111111111
MedidorLSD;16/06/2023, 0:00:00;18750,50358888889;5583,007611111111;7061,7337333333335;6124,897355555556;2130,2667444444446;368,5144888888889;384,48501111111113;1396,8587333333332;0,8930777777777777;0,8654555555555555;0,9307777777777778;0,8798333333333332;127,01833333333333;126,2559888888889;126,1326;50,718488888888885;60,15133333333333;55,24095555555556
MedidorLSD;16/06/2023, 0:15:00;17919,993755555555;5543,2798;6654,010611111111;5730,784888888889;2163,770155555556;387,22078888888893;601,8271666666666;1192,2021333333332;0,8829;0,8638555555555556;0,9227888888888889;0,87;127,19992222222223;126,43335555555556;126,3887;50,37464444444444;57,10958888888889;52,02788888888889
MedidorLSD;16/06/2023, 0:30:00;18584,93921111111;5550,60738888889;6950,366766666666;6102,755544444444;2056,425488888889;397,9579888888889;350,7804111111111;1324,5592;0,8917222222222222;0,8635777777777778;0,9255777777777777;0,8797333333333334;127,56091111111112;126,7820888888889;126,62345555555555;50,32087777777778;59,106144444444446;54,7466
MedidorLSD;16/06/2023, 0:45:00;17956,862233333333;5535,9313111111105;6689,3274;5740,273133333334;2209,300922222222;394,3312;602,5836222222223;1230,3842222222222;0,8828666666666667;0,8634555555555555;0,9218777777777778;0,8708222222222223;127,86016666666666;127,09803333333333;126,94838888888889;50,07673333333333;57,133388888888895;51,86754444444445
MedidorLSD;16/06/2023, 1:00:00;18570,511644444447;5547,224455555555;7002,582277777778;6038,542233333333;2184,1993555555555;379,0282777777778;428,7322888888889;1397,5905777777778;0,8907111111111111;0,8629444444444444;0,926888888888889;0,8786888888888889;128,0340111111111;127,27506666666666;127,06345555555555;50,15088888888889;59,33996666666667;54,21726666666667
MedidorLSD;16/06/2023, 1:15:00;18072,22241111111;5585,096511111112;6733,112766666667;5761,89571111111;2159,001622222222;363,5474777777778;602,8067111111111;1211,3328111111111;0,8848222222222223;0,8652;0,9232555555555556;0,8713888888888889;127,89625555555556;127,10344444444445;126,97924444444445;50,39065555555556;57,42838888888889;52,017
MedidorLSD;16/06/2023, 1:30:00;18538,822111111112;5590,069533333333;6939,235433333333;6024,754444444445;2030,6298444444446;354,2585222222222;407,83683333333335;1285,104911111111;0,8913333333333334;0,8661444444444444;0,9254555555555557;0,8781666666666667;127,28864444444444;126,5257;126,32704444444444;50,600366666666666;59,14477777777778;54,1965
MedidorLSD;16/06/2023, 1:45:00;19134,385555555556;6016,657655555555;6827,8250333333335;6295,6159333333335;2204,9221;622,7429666666667;567,5521222222222;1020,7725666666668;0,8968111111111111;0,8777666666666667;0,9231111111111112;0,8914333333333334;127,55524444444444;126,92018888888889;126,72517777777779;53,48656666666667;58,26878888888889;55,51136666666667
MedidorLSD;16/06/2023, 2:00:00;18478,06656666667;5564,9525;6957,779644444444;5970,841577777777;2165,430211111111;360,8493888888889;470,37829999999997;1354,1286222222222;0,8900666666666666;0,8650555555555555;0,9255555555555556;0,8775222222222222;127,76477777777778;127,0196;126,79657777777777;50,24465555555556;59,08201111111111;53,66598888888889
MedidorLSD;16/06/2023, 2:15:00;18024,316333333332;5544,4033;6712,992322222222;5776,261055555556;2131,094922222222;376,8245444444444;562,4093333333334;1209,5610555555554;0,8878444444444445;0,8646222222222222;0,9235111111111112;0,8724444444444445;127,86644444444445;127,14125555555556;126,96317777777777;50,022800000000004;57,22643333333333;52,004488888888886
MedidorLSD;16/06/2023, 2:30:00;18324,353055555555;5536,261144444445;6840,685822222223;5962,865133333334;2027,471311111111;377,09878888888886;414,0844;1253,1206111111112;0,8904666666666666;0,8640111111111112;0,9243777777777779;0,8772222222222222;127,73375555555556;127,03223333333332;126,79504444444444;49,99618888888889;58,147888888888886;53,42700000000001
MedidorLSD;16/06/2023, 2:45:00;18002,400733333332;5539,955477777778;6666,085277777778;5807,395133333333;2020,7839444444444;383,9660333333333;503,6184333333333;1148,7811666666666;0,8908777777777778;0,8640333333333333;0,9219222222222222;0,8758222222222223;127,69395555555555;126,96145555555556;126,7683111111111;50,02475555555555;56,94103333333334;52,16142222222222
MedidorLSD;16/06/2023, 3:00:00;18321,21941242938;5562,2309830508475;6816,708847457628;5955,69002259887;2021,127209039548;384,77242937853106;429,2522033898305;1223,3286101694916;0,8907909604519775;0,8640112994350282;0,9242372881355932;0,8771977401129945;127,75279096045197;127,01375141242937;126,7861581920904;50,16806779661017;58,0037175141243;53,306090395480226
MedidorLSD;16/06/2023, 3:15:00;18066,814644444443;5556,353066666667;6670,962666666667;5849,600966666667;1967,6062444444447;387,91762222222223;471,6412555555556;1122,6711888888888;0,8887888888888889;0,8640888888888888;0,9218222222222222;0,8779666666666667;127,74331111111111;127,0251;126,82687777777778;50,16477777777778;56,95863333333333;52,45514444444444
MedidorLSD;16/06/2023, 3:30:00;18240,319255555554;5577,007211111111;6743,5854;5931,699100000001;1943,8606111111112;386,49530000000004;427,16519999999997;1144,803122222222;0,8890888888888888;0,864;0,9210333333333334;0,8786222222222222;127,69743333333334;126,97165555555556;126,7620888888889;50,399344444444445;57,53145555555555;53,1308
MedidorLSD;16/06/2023, 3:45:00;18178,4929;5569,887311111112;6742,102833333333;5877,160022222221;2022,222188888889;382,4712222222222;481,1721444444444;1174,5554222222222;0,8895666666666667;0,8640333333333333;0,9215555555555557;0,8748333333333334;127,8390111111111;127,12853333333332;126,91004444444444;50,26141111111111;57,47383333333333;52,689122222222224
MedidorLSD;16/06/2023, 4:00:00;18247,718133333332;5570,6414888888885;6780,679011111111;5908,398433333333;2044,2506888888888;385,37613333333337;469,2705;1205,8012333333334;0,8902777777777777;0,8640444444444444;0,9220444444444444;0,8754444444444445;127,82806666666666;127,07962222222223;126,87821111111111;50,27237777777778;57,763577777777776;52,95906666666667
MedidorLSD;16/06/2023, 4:15:00;18145,048533333334;5583,564444444444;6706,7746777777775;5864,631600000001;1956,5054666666665;372,77703333333335;474,1536111111111;1124,7639111111112;0,8909333333333334;0,8652777777777778;0,9225555555555557;0,8814555555555555;127,77416666666667;127,04374444444444;126,82671111111112;50,29497777777778;57,195188888888886;52,52203333333333
MedidorLSD;16/06/2023, 4:30:00;18224,46617777778;5589,433933333334;6742,222955555556;5901,663355555555;1949,8885666666665;369,83247777777774;455,59842222222227;1139,578988888889;0,890788888888889;0,8657222222222222;0,9238666666666667;0,8820444444444445;127,62703333333333;126,90233333333335;126,71914444444444;50,38336666666667;57,497255555555554;52,869055555555555
MedidorLSD;16/06/2023, 4:45:00;18223,671466666667;5596,530066666666;6755,953955555555;5881,139866666666;2007,3893111111113;368,57747777777774;490,50705555555555;1164,5816333333332;0,8911222222222223;0,8658444444444444;0,9229555555555556;0,8762444444444445;127,5019;126,76354444444445;126,58802222222222;50,50734444444444;57,68196666666667;52,816722222222225
MedidorLSD;16/06/2023, 5:00:00;18258,047355555558;5587,313033333334;6777,280855555555;5904,885122222223;2015,1410666666666;372,4771333333333;473,1695555555555;1185,8584;0,8916888888888889;0,8657111111111111;0,9244222222222223;0,8775666666666666;127,35044444444443;126,58635555555556;126,41675555555555;50,475255555555556;57,87894444444445;53,06686666666667
MedidorLSD;16/06/2023, 5:15:00;18197,059633333334;5583,756277777778;6726,762388888889;5899,0586;1921,5342333333333;366,47501111111114;443,4795444444444;1126,5048333333334;0,8927777777777778;0,8658222222222223;0,9228777777777778;0,8837555555555555;127,30666666666667;126,5594;126,37230000000001;50,412511111111115;57,50313333333333;52,93332222222222
MedidorLSD;16/06/2023, 5:30:00;17987,17391111111;5549,683533333333;6587,674;5859,345355555556;1824,9158333333332;391,6021222222222;413,35121111111107;1032,038711111111;0,8915666666666666;0,8658777777777777;0,9212555555555556;0,8837999999999999;128,03115555555556;127,26463333333334;127,08922222222222;49,90151111111111;56,172399999999996;52,18096666666666
MedidorLSD;16/06/2023, 5:45:00;18090,427577777777;5559,308888888889;6586,8421;5955,0401999999995;1679,8685888888888;396,07489999999996;313,9569;978,4863777777778;0,8918222222222222;0,8647666666666666;0,9196777777777778;0,8858888888888888;128,2432;127,45775555555555;127,26912222222221;49,920922222222224;56,06245555555555;52,745444444444445
MedidorLSD;16/06/2023, 6:00:00;17961,593377777775;5557,314255555556;6532,041155555556;5881,244;1743,7166222222222;406,90038888888887;378,6238222222222;969,5942222222222;0,8902777777777777;0,8641777777777778;0,9188777777777778;0,8833666666666666;128,17244444444444;127,37055555555555;127,21379999999999;50,00787777777778;55,723911111111114;52,29623333333333
MedidorLSD;16/06/2023, 6:15:00;18105,694666666666;5566,806555555556;6563,6974666666665;5986,501933333334;1596,2308555555555;398,60662222222226;274,3058222222222;931,675;0,8919777777777778;0,8649666666666667;0,9196000000000001;0,8866444444444445;127,89517777777777;127,11393333333332;126,93952222222222;50,08284444444444;56,011;53,044155555555555
MedidorLSD;16/06/2023, 6:30:00;17868,762244444442;5547,625977777778;6455,463811111111;5873,955222222223;1628,8636666666666;407,1837777777778;340,50818888888887;889,0522777777778;0,8923333333333333;0,8652777777777778;0,9190444444444444;0,8831666666666667;127,94222222222223;127,17942222222221;127,03732222222222;49,89576666666667;55,14571111111111;52,14586666666666
MedidorLSD;16/06/2023, 6:45:00;18848,527755555555;5837,505933333333;6925,192455555555;6094,911555555556;1735,8868000000002;294,7084444444444;420,66957777777776;1035,9396555555554;0,8977111111111111;0,8784111111111111;0,926188888888889;0,8871555555555555;127,69845555555555;126,84861111111111;126,77143333333332;51,89286666666667;58,81018888888889;54,03295555555555
MedidorLSD;16/06/2023, 7:00:00;21251,033677777777;7021,374488888889;7612,995033333334;6604,558944444444;2093,047866666667;243,81545555555556;836,2230444444444;1034,7088888888889;0,9173;0,9124777777777778;0,9321111111111111;0,9024222222222223;127,12427777777778;126,27942222222222;126,26935555555555;60,28071111111111;64,50406666666667;57,83990000000001
MedidorLSD;16/06/2023, 7:15:00;20274,095355555557;6521,109833333333;7377,357211111112;6371,924233333333;1515,5302666666666;61,83892222222222;481,0177888888889;995,210288888889;0,9149444444444444;0,9029777777777779;0,9330555555555555;0,8990666666666667;126,91624444444444;126,08236666666667;125,98374444444444;56,74088888888889;62,52841111111111;56,13675555555556
MedidorLSD;16/06/2023, 7:30:00;20556,85137777778;6885,159922222222;7308,358322222222;6347,794;1833,3755888888888;181,57328888888887;828,6647555555555;843,4624444444444;0,9157444444444445;0,9129777777777779;0,9313222222222223;0,9016777777777778;127,23631111111112;126,44195555555555;126,45792222222222;59,17885555555556;61,972744444444444;55,66502222222222
MedidorLSD;16/06/2023, 7:45:00;22326,807188888888;7526,492666666667;7768,447433333334;7014,6112555555555;1858,1691666666666;291,7209111111111;836,1173444444445;745,1105444444445;0,925888888888889;0,9232555555555555;0,9354;0,9187444444444445;126,8975111111111;126,13853333333333;126,17164444444444;63,94264444444444;65,68547777777778;60,51572222222222
MedidorLSD;16/06/2023, 8:00:00;21212,19068888889;7323,614555555555;7732,021677777778;6127,162833333333;2084,749422222222;-108,1703111111111;1301,1965222222223;927,840288888889;0,9173222222222223;0,9223555555555556;0,9336111111111111;0,8910555555555556;126,34386666666666;125,4118;125,5994;62,704588888888885;65,97701111111111;54,60823333333333
MedidorLSD;16/06/2023, 8:15:00;24451,334133333334;7641,136833333334;9490,121111111112;7323,421355555555;2628,9646000000002;-244,00505555555554;962,1741666666667;1967,756911111111;0,9315888888888889;0,9253444444444445;0,9573333333333333;0,8998444444444444;126,27647777777779;125,19713333333333;125,25634444444444;65,09085555555555;79,09421111111112;64,91890000000001
MedidorLSD;16/06/2023, 8:30:00;23817,556955555556;7965,796266666666;8473,888666666666;7360,259722222222;2508,5997444444442;307,88773333333336;1115,5593333333334;1109,4841555555556;0,9344333333333333;0,9354555555555555;0,9475444444444444;0,9192000000000001;125,52166666666666;124,84048888888888;124,98315555555556;67,73511111111111;71,52354444444444;64,04271111111112
MedidorLSD;16/06/2023, 8:45:00;24965,40112222222;8317,897755555556;8675,847422222221;7955,390766666666;2412,5946888888893;489,4209777777778;950,5861222222222;986,9277777777778;0,9383666666666667;0,9360666666666666;0,9485777777777779;0,9273333333333333;125,20932222222223;124,56063333333334;124,69184444444444;70,74083333333333;73,23487777777778;68,55737777777777
MedidorLSD;16/06/2023, 9:00:00;27001,221277777775;8725,03978888889;9950,986644444445;8318,734366666666;2989,807233333333;149,4245888888889;1173,0396666666666;1708,9500777777778;0,9443999999999999;0,9458333333333333;0,9603999999999999;0,9224111111111112;125,22025555555555;124,31787777777777;124,54373333333334;73,59404444444445;83,23285555555556;72,29904444444445
MedidorLSD;16/06/2023, 9:15:00;28199,95672222222;9333,41031111111;10120,637322222223;8729,4058;3248,1730666666663;353,80951111111114;1397,8055222222222;1531,6526333333334;0,9493444444444444;0,9518222222222222;0,9600444444444444;0,9309111111111111;125,03661111111111;124,1839;124,45684444444444;78,35088888888889;84,74831111111111;75,15567777777778
MedidorLSD;16/06/2023, 9:30:00;26455,51741111111;8462,394755555555;9454,68771111111;8538,958866666668;2582,8384;430,4788444444444;763,3383333333334;1411,6303;0,9443333333333334;0,9396444444444444;0,9599;0,9294222222222223;124,9946;124,23087777777778;124,37932222222223;71,86042222222223;79,12443333333334;73,64099999999999
MedidorLSD;16/06/2023, 9:45:00;27437,402711111114;8957,429966666667;9919,732655555556;8549,268788888889;2850,044533333333;248,25265555555558;1143,8670777777777;1491,5267333333334;0,9479222222222222;0,949111111111111;0,9627444444444444;0,9278555555555557;124,90583333333333;124,0528888888889;124,32624444444444;75,50735555555555;82,99052222222222;73,9258
MedidorLSD;16/06/2023, 10:00:00;27460,28988888889;8730,905711111112;10073,857111111112;8656,349488888889;2753,768611111111;191,48826666666668;909,1664666666668;1689,736566666667;0,945211111111111;0,9434666666666667;0,9631666666666666;0,9260666666666667;124,93082222222223;124,0295;124,26432222222222;73,83582222222223;84,17807777777779;75,06093333333332
MedidorLSD;16/06/2023, 10:15:00;25713,680666666667;8240,996255555556;9360,103333333333;8110,945111111112;2662,538588888889;268,2256222222222;901,7849444444444;1523,7324777777778;0,9387777777777777;0,9368333333333333;0,9584888888888888;0,9212111111111111;125,38514444444445;124,47481111111111;124,72596666666666;69,95856666666667;78,39904444444444;70,4272111111111
MedidorLSD;16/06/2023, 10:30:00;26892,983966666667;8495,56858888889;10194,313311111111;8204,118155555556;2702,8502555555556;-141,10703333333333;1006,5764666666666;1889,9497555555556;0,9419888888888889;0,9404888888888888;0,9625111111111111;0,9133;126,36422222222222;125,31531111111111;125,66663333333334;71,43512222222222;84,28741111111111;71,30644444444445
MedidorLSD;16/06/2023, 10:45:00;26198,68463333333;8520,733133333333;9576,378677777779;8091,738844444444;2704,3887555555552;147,4734888888889;1091,4110777777778;1502,2934888888888;0,9413777777777778;0,9413666666666667;0,9562777777777778;0,9193888888888889;126,71730000000001;125,8266;126,15311111111112;71,36442222222223;79,33146666666666;69,57627777777778
MedidorLSD;16/06/2023, 11:00:00;25800,922255555557;8455,802677777778;9375,477633333332;7957,6439;2527,0652666666665;126,35813333333333;1076,7974333333332;1358,4144;0,9385555555555556;0,9392777777777778;0,9544888888888888;0,9192000000000001;126,9292111111111;126,0663111111111;126,42995555555557;70,79085555555557;77,69631111111111;68,42156666666666
MedidorLSD;16/06/2023, 11:15:00;28180,132477777777;9199,631911111112;9741,5986;9232,300233333333;3327,3298;888,3790888888889;1041,1781888888888;1408,2054555555558;0,9452222222222222;0,9411222222222222;0,9558444444444444;0,9372999999999999;126,70076666666667;125,97264444444446;126,23731111111111;76,94945555555555;80,69933333333333;77,85703333333333
MedidorLSD;16/06/2023, 11:30:00;28153,25452222222;9496,528811111111;9570,15097777778;9065,050455555556;3276,461777777778;869,7267;1304,2596333333333;1111,6356777777778;0,9481777777777778;0,9507;0,9548;0,9391222222222223;126,82795555555556;126,07987777777778;126,44883333333333;78,76902222222222;79,3237;76,20176666666666
MedidorLSD;16/06/2023, 11:45:00;25471,26;7965,382344444445;8858,534544444445;8659,465522222223;2762,1173333333336;903,6403222222223;444,0985222222222;1417,0675666666668;0,9364222222222222;0,9273;0,9562222222222221;0,9283777777777777;127,40679999999999;126,72778888888888;126,8562888888889;67,43818888888889;73,08805555555556;73,30224444444445
MedidorLSD;16/06/2023, 12:00:00;23736,123255555554;7600,312199999999;8194,802688888889;7942,899711111111;2841,4902;900,7201555555556;662,4063444444444;1282,5058333333334;0,9264555555555555;0,9123666666666667;0,9454888888888888;0,9194555555555556;127,67093333333332;126,91071111111111;127,10257777777778;64,90331111111111;68,1652;67,79264444444445
MedidorLSD;16/06/2023, 12:15:00;24293,633911111112;7862,922033333333;8187,314555555555;8242,170255555557;2686,9066222222223;1019,8484777777778;593,5632111111112;1068,0086111111111;0,9311;0,9175222222222222;0,9450999999999999;0,9272666666666666;127,76205555555556;127,12572222222222;127,25807777777779;66,85043333333333;67,98316666666666;69,60584444444444
MedidorLSD;16/06/2023, 12:30:00;24224,165822222225;7698,944455555556;8193,497022222222;8338,333544444446;2943,419588888889;1162,5455666666667;523,657;1249,9005666666667;0,9290777777777779;0,9123444444444445;0,9436111111111111;0,9268666666666667;128,0230777777778;127,45587777777779;127,47863333333333;65,7436;68,04193333333333;70,32665555555555
MedidorLSD;16/06/2023, 12:45:00;24696,551133333334;8144,230144444445;8305,549033333333;8238,432066666666;3084,954133333333;1077,0515333333333;898,944;1106,0115777777778;0,9323888888888888;0,9236444444444444;0,9424888888888889;0,9283;127,6596;127,03084444444444;127,21542222222223;68,9238;69,2382;69,57051111111112
MedidorLSD;16/06/2023, 13:00:00;28036,75228888889;9603,369811111112;9443,581933333333;8960,569377777778;3411,6758888888885;924,5650555555557;1459,7230555555554;1034,138311111111;0,9457444444444444;0,9479555555555556;0,9494555555555555;0,941011111111111;126,70437777777778;126,00827777777778;126,26998888888889;79,76328888888888;78,8212;75,3345
MedidorLSD;16/06/2023, 13:15:00;26418,58514444444;8907,497722222222;9061,293333333333;8430,205755555555;2763,9582666666665;644,2780333333333;1144,6171333333332;986,4282333333334;0,9424333333333332;0,9408888888888889;0,9496777777777777;0,9342777777777778;126,05724444444445;125,31523333333334;125,57795555555556;74,89865555555555;76,00472222222223;71,68021111111112
MedidorLSD;16/06/2023, 13:30:00;30110,65492222222;10319,088455555555;10029,314788888889;9733,066655555556;3527,100844444444;1060,4400222222223;1499,8489222222222;969,8544444444444;0,9525555555555555;0,9517333333333333;0,9548555555555556;0,9452888888888888;125,38014444444445;124,7129;125,03025555555556;86,24754444444444;84,17182222222222;82,02962222222223
MedidorLSD;16/06/2023, 13:45:00;30409,439522222223;10249,573033333334;9886,2838;10255,0033;3536,0621222222226;1446,431111111111;1155,1962555555556;918,9636666666668;0,9543888888888888;0,9511777777777777;0,9578777777777777;0,9549333333333333;125,29917777777779;124,77765555555555;124,97532222222223;85,96713333333334;82,55411111111111;85,77865555555556
MedidorLSD;16/06/2023, 14:00:00;30153,166488888888;10132,624388888888;10102,8682;9897,832444444444;3413,0899777777777;1089,8837888888888;1265,5907444444445;1057,3367666666668;0,9537666666666667;0,9542111111111111;0,9586333333333333;0,9495222222222222;125,48157777777777;124,82851111111111;125,1087;84,59007777777778;84,33795555555555;83,21252222222223
MedidorLSD;16/06/2023, 14:15:00;32396,42202222222;10405,752611111111;10923,1036;11071,130566666667;4088,593877777778;1530,5509444444444;965,329388888889;1585,1034;0,9566444444444443;0,9511888888888889;0,9648888888888889;0,9548444444444445;125,63167777777777;125,11792222222223;125,14533333333334;86,8975;90,3091;92,41767777777778
MedidorLSD;16/06/2023, 14:30:00;32929,78238888889;9842,697833333334;11461,0573;11664,562277777779;4176,810788888889;1599,9771666666666;294,0100888888889;2279,1933555555556;0,9533888888888888;0,9411666666666666;0,970011111111111;0,9487222222222222;125,55955555555556;124,94616666666667;124,79523333333333;83,23700000000001;94,37865555555557;98,22163333333333
MedidorLSD;16/06/2023, 14:45:00;30378,7203;9069,679433333333;10793,794177777778;10549,414122222222;3667,7254666666668;1182,2342555555556;308,61240000000004;2184,789033333333;0,9474888888888889;0,9358222222222222;0,9653444444444443;0,9408222222222222;125,52486666666667;124,79706666666667;124,71675555555555;77,02732222222222;89,42512222222223;89,79256666666666
MedidorLSD;16/06/2023, 15:00:00;30205,48041111111;9822,796788888889;9768,4813;10613,9246;3403,7689888888885;1698,6859555555557;661,5819777777779;1017,4437444444444;0,9534555555555554;0,9427888888888889;0,9596888888888888;0,956911111111111;125,13817777777778;124,79048888888889;124,7833888888889;83,15186666666666;81,46587777777778;88,6661888888889
MedidorLSD;16/06/2023, 15:15:00;30037,95826666667;9511,479477777777;10189,115966666668;10346,456644444444;3111,9283555555558;1208,6821444444445;516,1281333333334;1380,7933555555555;0,9533555555555555;0,9469555555555556;0,9631777777777777;0,9511777777777777;125,17512222222223;124,71937777777778;124,74152222222222;80,16503333333333;84,65546666666667;87,0213
MedidorLSD;16/06/2023, 15:30:00;28944,25237777778;9299,375311111111;9736,811366666667;9912,541922222223;2936,9567;1156,3206777777777;584,6180222222222;1189,3690555555554;0,9504444444444444;0,9416333333333333;0,9582999999999999;0,9489999999999998;125,68982222222222;125,1748;125,27592222222222;78,39146666666667;81,06053333333332;83,17095555555555
MedidorLSD;16/06/2023, 15:45:00;27540,832333333336;9142,292111111112;9002,117644444445;9385,423611111111;2772,610755555556;1229,4245777777778;750,9248222222221;776,2576333333333;0,9465444444444444;0,9393111111111111;0,9504888888888888;0,9506666666666665;125,9984;125,55863333333333;125,70332222222223;76,96104444444445;75,29283333333333;78,47548888888889
MedidorLSD;16/06/2023, 16:00:00;26497,097955555557;8613,419344444445;8867,171422222222;9015,041955555555;2393,9060666666664;972,3127111111111;519,9079222222223;894,9069666666667;0,9423222222222223;0,9345888888888889;0,9493444444444444;0,9421111111111111;126,37138888888889;125,87982222222222;126,03601111111111;72,77802222222222;74,1051;75,7996111111111
MedidorLSD;16/06/2023, 16:15:00;27993,88136666667;8928,452911111111;9399,629155555556;9671,844588888887;2829,5912000000003;1180,3364222222222;467,3364555555556;1171,8996555555555;0,9473333333333332;0,9388444444444445;0,9573555555555555;0,9485555555555555;126,42624444444444;125,96861111111112;126,05566666666667;75,09521111111111;77,91801111111111;80,75875555555557
MedidorLSD;16/06/2023, 16:30:00;27903,5963;8723,0329;9486,916122222223;9708,338044444445;4414,184766666666;1687,0577888888888;831,8964333333333;1886,836988888889;0,9412555555555555;0,9276777777777778;0,956011111111111;0,9384222222222222;127,54422222222223;127,00164444444444;126,9821;73,5762111111111;78,0511;81,26632222222223
MedidorLSD;16/06/2023, 16:45:00;29889,214733333334;9220,232122222222;10446,644944444444;10241,93847777778;5221,192477777779;1705,5169777777778;1079,4064444444443;2441,2666555555556;0,9411111111111111;0,9287222222222222;0,9598666666666666;0,9304;127,66654444444444;127,00294444444444;127,01471111111111;77,68003333333333;85,69046666666667;86,24746666666667
MedidorLSD;16/06/2023, 17:00:00;29412,786099999998;9056,2165;10247,58348888889;10130,947244444444;4873,351933333333;1638,3854777777776;938,3201666666666;2299,3370444444445;0,9436111111111111;0,9330777777777778;0,9605444444444444;0,9357666666666667;127,91716666666666;127,27202222222223;127,25838888888889;75,77696666666667;83,74962222222223;84,8809
MedidorLSD;16/06/2023, 17:15:00;26660,091944444444;8501,560577777776;9380,880622222223;8780,4531;4924,924988888889;1379,3954111111113;1419,0534444444445;2140,7389333333335;0,9327666666666666;0,9274;0,9496;0,9180777777777778;127,3817;126,67567777777778;126,87708888888889;71,8503;77,97633333333333;75,14096666666666
MedidorLSD;16/06/2023, 17:30:00;25875,788655555556;8220,503855555555;8698,624011111111;8964,032322222221;4032,592055555556;1570,6073666666666;862,7943111111111;1589,1378222222222;0,9321;0,9178666666666667;0,9446111111111111;0,9311222222222222;126,32966666666667;125,8416888888889;125,99807777777778;70,6335;72,97727777777779;76,16555555555556
MedidorLSD;16/06/2023, 17:45:00;24981,69301111111;8047,719466666666;8445,504688888888;8489,608455555555;4272,052;1531,1593222222223;1106,9973666666667;1629,462;0,9268777777777778;0,9159555555555555;0,9408444444444445;0,9238333333333334;127,72906666666667;127,1897;127,35526666666668;68,65390000000001;70,56588888888889;72,12032222222223
MedidorLSD;16/06/2023, 18:00:00;24437,886166666667;8018,3561222222215;7966,995144444444;8447,601244444444;4427,187511111111;1823,9663444444443;1158,6563333333334;1426,6179777777777;0,9187666666666666;0,9039777777777778;0,9301333333333334;0,9227555555555556;128,68015555555556;128,19646666666668;128,3913;68,62253333333334;66,79002222222222;71,05434444444444
MedidorLSD;16/06/2023, 18:15:00;23594,873744444445;7392,388855555555;8192,271677777777;8020,784233333333;4198,094944444445;1391,3264777777779;948,9334777777777;1859,8950444444445;0,9172555555555556;0,9004555555555556;0,9379222222222222;0,9078555555555556;128,72953333333334;128,08401111111112;128,2373;63,785333333333334;68,13121111111111;68,77324444444444
MedidorLSD;16/06/2023, 18:30:00;22987,123033333333;7292,691322222223;8052,939533333333;7645,4844;4118,7211777777775;1231,9572777777778;1081,0206;1813,4596888888889;0,9127444444444445;0,9010555555555556;0,9340333333333334;0,8987444444444445;128,6858;128,02311111111112;128,22985555555556;62,742000000000004;67,19513333333333;66,01844444444444
MedidorLSD;16/06/2023, 18:45:00;21503,5787;6670,097533333334;7407,245055555555;7439,657188888888;4098,702;1494,4627333333333;815,3329222222222;1784,689688888889;0,9043;0,8795777777777778;0,9309888888888889;0,8996555555555557;128,7467;128,2006888888889;128,27673333333334;58,717000000000006;62,058566666666664;64,3917111111111
MedidorLSD;16/06/2023, 19:00:00;21460,02411111111;6469,021588888889;7386,689377777779;7627,386233333334;4025,7661222222223;1589,4157444444443;560,6085222222222;1867,3084222222224;0,9021;0,8694888888888889;0,9305444444444445;0,9020222222222223;128,68846666666667;128,1468111111111;128,14746666666667;57,61127777777778;61,859677777777776;65,88921111111111
MedidorLSD;16/06/2023, 19:15:00;19791,90046666667;6034,307633333334;7076,560255555555;6694,412655555555;4000,4230444444443;1236,0024333333333;838,0382999999999;1933,5764666666666;0,8890888888888888;0,8653444444444445;0,9241555555555556;0,8790444444444444;128,7390888888889;128,0926777777778;128,18783333333334;54,094100000000005;59,73263333333334;59,45402222222223
MedidorLSD;16/06/2023, 19:30:00;20329,84893333333;5875,737255555556;7425,765966666667;7060,196833333333;4005,8354333333336;1295,5071777777778;646,184488888889;2069,708866666667;0,8903888888888889;0,8562777777777778;0,9338777777777778;0,88;128,84747777777778;128,10495555555556;128,20517777777778;53,15738888888889;62,12396666666667;62,36974444444445
MedidorLSD;16/06/2023, 19:45:00;19901,58221111111;5837,4927;7180,8705666666665;6910,29668888889;3860,465755555555;1301,9651111111111;661,2574000000001;1899,9305111111112;0,8876777777777778;0,8526222222222223;0,927688888888889;0,8855;128,65316666666666;127,91445555555555;127,99428888888889;53,04591111111111;60,488055555555555;61,09115555555556
MedidorLSD;16/06/2023, 20:00:00;18625,368388888888;5489,202244444444;6846,385666666666;6312,8099;2686,274622222222;763,106988888889;420,00465555555553;1512,9533111111111;0,8840333333333333;0,8473999999999999;0,9264444444444445;0,8755555555555555;128,56823333333332;127,78070000000001;127,9785;50,22915555555555;57,873799999999996;56,358066666666666
MedidorLSD;16/06/2023, 20:15:00;19030,648677777775;5663,9837333333335;7146,452133333333;6239,652355555556;2247,7517666666663;404,85005555555557;420,4760444444444;1442,5362;0,8914222222222222;0,8613000000000001;0,9334111111111112;0,8700555555555555;128,33775555555556;127,5046888888889;127,73551111111111;51,08402222222222;60,151577777777774;55,9215
MedidorLSD;16/06/2023, 20:30:00;18063,415877777777;5460,287044444444;6687,229022222223;5931,116388888889;2188,3642444444445;476,27972222222223;457,3199333333333;1269,2519222222222;0,8835777777777778;0,8526;0,9233;0,8712888888888889;127,98447777777778;127,21688888888889;127,43295555555557;49,85498888888889;56,946377777777776;53,50908888888889
MedidorLSD;16/06/2023, 20:45:00;18888,780266666665;5605,570377777778;7027,896555555556;6275,788977777778;2089,2110444444443;442,38374444444446;308,0747111111111;1354,3286555555555;0,8916666666666667;0,8581333333333334;0,9277000000000001;0,8798888888888888;128,00294444444444;127,15941111111111;127,33907777777777;50,854366666666664;59,429300000000005;56,173077777777785
MedidorLSD;16/06/2023, 21:00:00;18177,523299999997;5553,929022222223;6730,7225;5904,131655555556;2251,2123444444446;454,5016;549,8052777777777;1263,1412;0,8838222222222222;0,8555666666666667;0,9238111111111111;0,8681;128,06384444444444;127,2671;127,52492222222222;50,51352222222222;57,26167777777778;53,37768888888888
MedidorLSD;16/06/2023, 21:15:00;19163,1977;5681,128988888889;7210,516311111111;6292,480322222223;2280,3040444444446;410,00523333333336;408,8191;1482,0636555555557;0,8903777777777778;0,8614777777777778;0,9341111111111111;0,8714333333333334;128,17162222222223;127,32474444444445;127,54022222222221;51,322177777777775;60,723055555555554;56,45731111111111
MedidorLSD;16/06/2023, 21:30:00;18249,93901111111;5474,587433333333;6798,630277777777;5993,621233333333;2310,2019555555557;487,7711111111111;468,8967666666666;1369,2526;0,8818777777777779;0,8506555555555556;0,9241222222222223;0,8637333333333334;128,37473333333332;127,57469999999999;127,7875111111111;49,9714;57,69018888888888;54,06051111111111
MedidorLSD;16/06/2023, 21:45:00;18762,660855555554;5672,628955555555;7000,528066666667;6104,928644444445;2202,3759777777777;402,70838888888886;484,39865555555554;1333,7883222222222;0,8863;0,8601777777777777;0,9260666666666667;0,8669666666666667;128,71523333333332;127,90224444444445;128,0618;51,074133333333336;59,00352222222222;54,72142222222222
MedidorLSD;16/06/2023, 22:00:00;18449,47487777778;5536,962511111111;6884,375611111111;6044,644744444444;2250,8672444444446;450,35316666666665;455,97723333333334;1361,451988888889;0,8834444444444445;0,8541111111111112;0,9234111111111112;0,8653;128,72537777777777;127,92604444444444;128,10464444444443;50,19398888888888;58,16335555555556;54,255266666666664
MedidorLSD;16/06/2023, 22:15:00;18583,276977777776;5597,028888888889;6952,469666666667;6049,838322222223;2292,1979666666666;429,39785555555557;500,9539555555556;1380,3414333333333;0,884688888888889;0,8566111111111112;0,9256111111111112;0,8655777777777778;128,75941111111112;127,92561111111111;128,10628888888888;50,579677777777775;58,67955555555555;54,32511111111111
MedidorLSD;16/06/2023, 22:30:00;18347,412944444444;5475,007799999999;6843,684044444444;6047,153322222222;2219,2208;468,1132;406,49907777777776;1360,1335333333332;0,8805333333333334;0,8499777777777778;0,9213000000000001;0,8661111111111112;129,15443333333334;128,40624444444444;128,53383333333332;49,69057777777778;57,712888888888884;54,07017777777778
MedidorLSD;16/06/2023, 22:45:00;18504,37646666667;5623,385877777778;6904,0001111111105;5990,491011111111;2257,4442222222224;413,11656666666664;540,3863666666666;1322,3419;0,8840999999999999;0,8580888888888889;0,9244666666666668;0,8643;129,5624222222222;128,77016666666665;128,92592222222223;50,4323;57,96452222222222;53,49588888888889
MedidorLSD;16/06/2023, 23:00:00;18598,689433333333;5542,177966666666;6997,844411111111;6077,381733333334;2353,5590777777775;444,2144222222222;471,4221777777778;1457,0839777777778;0,8821444444444445;0,8526222222222223;0,9236;0,8673444444444445;129,6505;128,86624444444445;128,94484444444444;49,96373333333334;58,69954444444445;54,24267777777777
MedidorLSD;16/06/2023, 23:15:00;18545,37248888889;5661,359844444445;6981,882466666666;5913,842466666666;2399,474688888889;374,6613888888889;653,8399444444444;1393,3642444444445;0,8884666666666666;0,8617;0,9259666666666667;0,8649555555555556;128,8181888888889;128,03613333333334;128,13993333333335;50,83751111111111;58,88341111111111;53,288
MedidorLSD;16/06/2023, 23:30:00;18444,31868888889;5504,160833333333;6850,014188888889;6108,8884333333335;2021,1051888888887;434,8445888888889;320,6905444444444;1279,9381999999998;0,8900666666666666;0,8560777777777778;0,9219666666666668;0,8785666666666666;127,53964444444445;126,8065111111111;126,83838888888889;50,25076666666667;58,39183333333334;54,867911111111106
MedidorLSD;16/06/2023, 23:45:00;17952,0574;5492,469599999999;6629,673222222223;5841,267877777777;2103,8978666666667;437,6107333333333;495,9934777777778;1184,507588888889;0,8833222222222222;0,8552777777777778;0,9212666666666668;0,8713777777777778;127,55113333333334;126,84101111111111;126,8899888888889;50,18627777777778;56,792088888888884;52,84224444444445
